,username,date,content
0,VRadioFM,2021-06-28 04:30:45+00:00,"apakah karyanya tersebut akan dijual. Namun bagi yang ingin melihat sepatu BTS Meal karyanya bisa dilihat di Instagram pribadinya @josiahchua.

#VRadio #VUpdate #McDonald #McDonaldsXBTS #Sneakers #BTSMeal #Fashion"
1,CygnusMusicx,2021-06-27 17:47:40+00:00,"Good Vibes Music Night 2021 â¤ï¸ Best Love Songs Playlist, Stay With Me ~ Cygnus Music

Trends:
#BTS_Butter #BTSARMY #BTSMeal #TAEYONG_swimmingpool #NEDCZE Belanda De Ligt BEM UI

https://t.co/IyY6r8zDEn"
2,newsmerahputih,2021-06-26 16:59:00+00:00,"Kemasan BTS Meal Disulap Jadi Sepatu Nyentrik 

#merahputihcom #btsmeal #bts #sepatu https://t.co/i3Nx9SWfFR"
3,cmyth9,2021-06-26 12:21:46+00:00,"Seadanya, sebisanya ğŸ’œ ini ending dari nyuci tutup saos ğŸ˜‚ @McDonalds_ID @McDonalds @BTS_twt #btsmealindonesia #BTSMeal #BTSXMcD https://t.co/JNPaRwt9hU"
4,bisot,2021-06-26 09:54:53+00:00,"Temen gue kreatifnya gada obat dia bikin sendiri BTS MEAL dari kain flanel
 ğŸ˜€ğŸ‘â˜•

Cekidot: 
https://t.co/LkTx9i50Xe

#BTS #BTSmeal #flanel #craft https://t.co/sfmcOdWhe3"
5,catsandkatzen,2021-06-26 08:59:57+00:00,Promo @McDonalds_ID usai ditutupnya #BTSMeal justru makin mantap mantap https://t.co/uJKMbUlLSU https://t.co/GEjoZXnDIp
6,vfziame,2021-06-26 08:53:34+00:00,@McDonalds_ID Gak akan berharap itu #BTSMeal  ğŸ˜‘
7,minngennn,2021-06-25 17:06:44+00:00,"can't sleep and did something to my #BTSMeal cups, not bad right? ğŸ˜‚ https://t.co/H98eMBkQjk"
8,GangstaGojek,2021-06-25 09:33:27+00:00,"@reddishaine @YoGojekYo Ini kak, #BTSMeal
https://t.co/IL0Wgs6krq"
9,Beritasatu,2021-06-24 14:48:18+00:00,"Daebak! Driver ojol dapatkan donasi dari ARMY hingga sebesar Rp159 juta, berkat rela mengantrekan BTS Meal!

Baca selengkapnya, klik ğŸ‘‡ğŸ‘‡ğŸ‘‡

#BTSMeal https://t.co/xq4G3X1bG1"
10,detikcom,2021-06-24 11:56:26+00:00,BTS Meal hingga kini masih dijual di seluruh dunia. Keuntungan penjualan di Korea Selatan sebagai negara asal BTS pun terungkap! #BTSMeal  https://t.co/CKnlyVIuN6
11,mymoonbooster,2021-06-24 11:16:56+00:00,"Jumlah #BTSMeal terjual

Di Philippines 1juta
Di Indo 500rb"
12,jodieGP,2021-06-24 04:19:33+00:00,nanya dong #BTSMeal masih ada? @IndonesiaMcd
13,Menjess_1527,2021-06-23 21:37:40+00:00,"pen share aja kalo outlet di sana asik:)) play banyak lagu bts,, trs kacanya di tempel stiker bt21 besar wkw lucuu:'

#BTSMeal #BTS https://t.co/phUUHPVnce"
14,Menjess_1527,2021-06-23 21:05:08+00:00,"Omg the captğŸ¥ºğŸ¥ºğŸ¥º
Really hope my country do the same soonğŸ¥ºğŸ˜­ Ppppppp @McDonalds_ID 

#BTSMeal https://t.co/c1OY70lr8T https://t.co/iPNd6aZYrd"
15,AdibHidayat,2021-06-23 11:16:16+00:00,"Custom sneakers with a pocket for your nuggets on the go! @josiahchua x @bts_bighit + @McDonalds 
ğŸ”¥xğŸŒ¶
â€”
Shot by @jaydenation 
#bts #btsmeal https://t.co/XhDKPiG3ry"
16,limapagi_,2021-06-23 10:12:07+00:00,Berbeda terjadi di #McDonaldâ€™s Jepang. Mereka justru tidak merilis #BTSMeal. McDonaldâ€™s Jepang lebih memilih untuk merilis menu #Pikachu yang berisi tiga macam makanan penutup. Pasti penasarankan? Yuk simak di https://t.co/49tcFog7cU https://t.co/9h85pjDfth
17,mymoonbooster,2021-06-22 17:00:32+00:00,"THIS IS AMAZING! 

#BTSMeal #BTSMealsg #BTSMealPH #BTSXMcDonalds @BTS_twt @McDonalds #BTS #btsarmy https://t.co/B9QLkUd7GF"
18,detikcom,2021-06-22 08:23:53+00:00,Singapura baru saja meluncurkan BTS Meal. Tapi para pelanggan justru kecewa karena kantong yang polos tanpa logo BTS. Yah........ #BTSMeal #Singapura https://t.co/nIvD6XbCuV
19,detikcom,2021-06-22 07:20:15+00:00,McD Singapura resmi merilis BTS Meal kemarin (21/6). Pihaknya turut berbagi suka cita dengan memberi ribuan #BTSMeal bagi pekerja bandara Changi. Keren! https://t.co/WAv3q8wwrN
20,PapaAis_,2021-06-21 13:18:07+00:00,"My dream..
Buy #BTSMeal from @McDonalds 
And give as much as I have to street children.. Only for street children"
21,wmraharjo,2021-06-20 06:10:17+00:00,"@asriprahesti @sohilauww Yg reply Anji? 
Padahal gw juga mau kemasan #BTSMeal"
22,gsilab_id,2021-06-16 11:47:47+00:00,"GSI Update for today!!

Ada yg seru hari ini karena liputan bareng @netmedia_info ngebahas ttg variant #covid dan solusi baru penanganan nya. Penasaran? Kepoin terus ya!

Dan dilanjut lagi dgn swab tes gratis abang-mpok ojol #BTSARMY @ARMYTEAMIID @kitabisacom #btsmeal #BTS https://t.co/QVhyaolkj9"
23,taslim_jkb,2021-06-15 15:04:39+00:00,"Diaaat #CR7 sudah boikot minuman bersoda, disini ada cerita antrean panjang demi #BTSMeal https://t.co/5AdAn8AJYJ"
24,_armhavid,2021-06-14 16:41:37+00:00,"Barangkali ada temen-temen yang minat, kemarin iseng-iseng beli 2 pack 
.
BTS Meal Full Package :
- Cup cola 
- Box nugget 
- Paper bag BTS 
- 2 cup saus 
.
PACKAGING ONLY 
Kemasan sudah dicuci bersih
.
Domisili DEPOK 
Minat? DM 
.
#BTSMeal #jualbtsmeal #btsmealfullpackage https://t.co/J8x7zgl66z"
25,GangstaGojek,2021-06-14 04:36:55+00:00,"@evianafs Anakku cewe, sama temenÂ²nya ngomongin #BTSMeal"
26,iyestarigan,2021-06-13 14:22:44+00:00,"Aaaa aku exited sekali my ğŸ’–meski dapetnya bukan di hr pertama dirilis tp ku tetep bangga cuy ğŸ˜ 
Aiilopyou McD x BTS 

-Borahae ğŸ’œ

#BTSMeal #McDonaldsXBTS #BTS8thAnniversary #8YearsToInfinityWithBTS https://t.co/LjMs0Dv7Sm"
27,steven_kode289,2021-06-13 10:21:25+00:00,"Akhirnya momen #BTSMeal nya sudah selesai....
Time to santai2 di mekdi seperti sedia kala....

Gpp ga dapet BTS Meal, tapi menu yg lain masi enak dimakan kok.

#tb_ngunyahteros https://t.co/rPuO8Sl9o1"
28,achietmokoginta,2021-06-13 10:04:51+00:00,"@NonaMaya222 Kalo ga salah memang mereka cuma nyiapin 750pc #BTSMeal , harusnya kalo emang sudah abis dimana2 kasi penjelasan."
29,achietmokoginta,2021-06-13 10:02:15+00:00,"Sangking cukupnya ampe di bikin es krim tu #BTSMeal , chill gitu loh jadi orang."
30,anianiyo,2021-06-13 09:00:43+00:00,Milo DinoEs ala Bakso Arema Cak Jojoe Sawangan.. murah gak pakai antri #BTSMeal *maap kepotong âœŒğŸ»âœŒğŸ» https://t.co/shmHS4U6Yw
31,minngennn,2021-06-13 01:52:01+00:00,"so pretty ğŸ’œ
#BTSMeal #8yearswithBTS https://t.co/doPlzM4LtX"
32,ramadhantiara,2021-06-12 23:36:27+00:00,klo punya tumbler gak kepake... #BTSMeal #sekedaride biar gak cuma jadi pajangan... ğŸ˜ https://t.co/nGOjEIJ3bG
33,Rizkywinaya,2021-06-12 16:51:16+00:00,snack time in the midnight! #BTSMeal @McDonalds_ID #BTSxMcD https://t.co/RIyP4wkPKL
34,kembangtom,2021-06-12 15:47:04+00:00,ãƒãƒƒã‚¯ã®BTSmealè²·ã£ã¦ã¿ãŸã‘ã©ã€çµ¶å¯¾ã“ã£ã¡ã®ãƒ©ãƒ¼ãƒ¡ãƒ³ã®æ–¹ãŒãŠå¾—ã‚„ã—ç¾å‘³ã—ã„ã¯ã€œ #BTSmeal
35,jokisoft,2021-06-12 14:07:25+00:00,"...malam minggu BTS (Bade Tumbas Sate)...ğŸ‘ŒğŸ¼ğŸ‘ŒğŸ¼ğŸ˜‚

#jokisoft 
#satekambing 
#satekambingmadura
#btsmeal 
#bts
#btsarmy 
#army
#armyindonesia @ Daan Mogot,Kalideres Jakarta Barat https://t.co/fE6AEXTaQF"
36,RRYSGA,2021-06-12 09:46:53+00:00,"SO GUYS.. FINALLY I GET MY #BTSMeal ğŸ˜ğŸ˜ğŸ˜­ğŸ’œğŸ’œğŸ’œ ë„ˆë¬´ ë„ˆë¬´ ì¤—ì•„ìš”.. ë„ˆë¬´ ì´ì˜ë‹¤ ê·¸ë¦¬êµ¬ ë„ˆë¬´ ë§›ìˆìŠµë‹ˆë‹¤ìš” ã… ã… ã… ã… ã…  ğŸ’œğŸ’œ ë³´ë¼í•´ğŸ’œğŸ’œ @McDonalds @BTS_twt @McDonalds_ID 

#McDonaldsXBTS #2021BTSFESTA #8yearswithBTS #WePurpleYouMcD #BTSXMcD https://t.co/GORgGPTo5e"
37,KNisa138,2021-06-12 09:12:55+00:00,"Fotografer : @Amllaa_ ğŸ’œ
- Kok kayak bocah sih Niss nya ğŸ˜€
Kata @Amllaa_ masker nya udah kayak celemek makan bayi ğŸ˜‚

- Pejuang McD BTS meal ğŸ˜£ gak ada BTS meal nya (jadi beli Boba doang)ğŸ˜­ semoga aja lain waktu ada lagi ya ğŸ˜£
#BTSMeal #McDonaldsXBTS  @BTS_twt https://t.co/4Fs374YyaM"
38,geraihawa,2021-06-12 07:56:47+00:00,"BTS KECINTAAN SAHABAT HAWA

BTS meal memang menggiurkan, tapi BTS-nya Gerai Hawa lebih menjanjikan dooong, bikin pengen lagi pengen lagi koleksinya â£â£ğŸ˜ 
â£
#BTS #BTSmeal #btsxmcdonalds #btsarmy #butter #GeraiHawa #SahabatHawa https://t.co/sG9dTM2sR3"
39,DonnySaputro,2021-06-12 07:30:08+00:00,"Ga mau ketinggalan utk mencoba menu yg lagi trend saat ini, @McDonalds_ID x @kingnassar88 #BTSMeal #kingnassar #chickenmcnuggets #mcdonalds #mcdonaldsindonesia #limitededition #lunch ğŸ˜š https://t.co/GKEv4P8Kng"
40,Dj_Hiroaki,2021-06-12 06:18:38+00:00,#bts #BTSMeal https://t.co/ysDP9Psp2q
41,tokobajuindia,2021-06-12 01:00:15+00:00,#BTSFESTA2021 #BTSARMY #BTSMeal https://t.co/3FMOQlC5c6
42,oktohandoko,2021-06-11 15:32:13+00:00,"#BeraniJujurPecat ğŸ¤«lebih baek diem tertindas, dri pada berontak tak berotak. 

Coba pilih yg mana?

#IkatanCinta #BTSMeal #BTSxMcD #doort #kpkharusberkualitas #KPK_EndGame"
43,wiwindsapoetri,2021-06-11 14:18:42+00:00,"swipe left, i saw a lot of locals checking BTS because they were curious after seeing #btsmeal in Indonesia ğŸŸğŸº @ Jakarta, Indonesia https://t.co/FZAcR52xeB"
44,SamuelLats,2021-06-11 11:54:53+00:00,#BtsMeal dengan kearifan lokal https://t.co/jtXQRx87dc
45,VTristyawati,2021-06-11 11:32:30+00:00,"Akhirnya 
#BTSMeal https://t.co/mKGoDtqx8F"
46,lipatanpipi,2021-06-11 10:17:21+00:00,"Terimakasih ka @fathimahzahro  yang  mempercayakan jastipanya..
BTS edisi King Nassar ğŸ˜†

#BTSxMcD #BTSMeal #BTSMealindonesia #BTS8thAnniversary https://t.co/26DOuI73Xj"
47,IndomieWarteg,2021-06-11 08:20:41+00:00,"Hmmmm geus ieu aing kudu kumaha ğŸ¤·ğŸ»â€â™‚ï¸ hahaha
#BTSxMcD 
#BTSMeal https://t.co/Tvqi0R5tbE"
48,RaehanFdl,2021-06-11 07:20:07+00:00,"Jual Packaging BTS Meal Rp 985.000 nego. Minat DM aja.

#BTSMeal #BTSxMcD #JualBTS #army #BTSARMY https://t.co/sHCczc5MA3"
49,Inst_stiamiBks,2021-06-11 06:17:02+00:00,"Cakar Carul ikutan tren #btsmeal nih ğŸ˜‚
Reposted from @institut_stiami @ Institut Ilmu Sosial Dan Manajemen Stiami https://t.co/ASKfUVuAqj"
50,ridhoalireza,2021-06-11 06:12:15+00:00,NGEPRANK si anjing ini @balifiberID ! kalo gitu kan gw kekantor gak usah nungguin!! kelakuan tai! kmrn prank jaringan abis bayar mati! Skarang CS nya udah nipu nipu kita ! parah CUK #balifiber #balifiberpenipu #BTSMeal ! https://t.co/qF8u2Ujyqo
51,ridhoalireza,2021-06-11 06:11:43+00:00,NGEPRANK si anjing ini @balifiberID ! kalo gitu kan gw kekantor gak usah nungguin!! kelakuan tai! kmrn prank jaringan abis bayar mati! Skarang CS nya udah nipu nipu kita ! parah CUK #balifiber #balifiberpenipu #BTSMeal https://t.co/8482jswhD5
52,nurterbit,2021-06-11 04:07:38+00:00,"""Wartawan Bangkotan"" Saya Pilih sebagai Personal Branding
#wartawanbangkotan #nurterbit #BTSMeal 
@kompasiana
https://t.co/1tY2rcEokX"
53,lipatanpipi,2021-06-11 01:14:10+00:00,"@ihsnseptian @ARMYTEAMIID @BTS_twt Sudah dua kali divaksin nih.
Dan dapet cogap nih dari customer pas antri #BTSMeal  dapet satu paket pula dari customernya ğŸ’œ https://t.co/6xQR3NHK2B"
54,steffifm,2021-06-11 01:07:54+00:00,Adik w di Kanada aja dpt mcnuggetnya 10 ğŸ¤£ğŸ¤£ğŸ¤£ #bts #BTSxMcD #BTSMeal https://t.co/4xRHiv0sqI
55,174sshi,2021-06-10 23:07:35+00:00,"Akhirnya dapet #BTSMeal 

Bahagia bisa ngasih printilan2 kecil ini ke si bapak yang anter padahal dari pagi udah pasrah ğŸ˜­

Tetap semangat ya pak kerjanya, sehat selalu ğŸ’œ 
#SemangatOJOL #ThankYouOJOL #WePurpleYouMcD https://t.co/OhqOHrv6T9"
56,minngennn,2021-06-10 16:56:29+00:00,#BTSMeal https://t.co/JndjiwlGfW
57,wahyudikusala,2021-06-10 15:58:51+00:00,"@McDonalds_ID Disimpan Gelas ğŸ¥¤Spesial, The BTS Meal 
#BTSMeal #BTSxMcD #McDonaldsXBTS https://t.co/nKO6aIJdtt"
58,wiwindsapoetri,2021-06-10 14:41:54+00:00,mine #btsmeal &amp;love saus cajun !! https://t.co/EpagyQQ7CK
59,vrrlvndr,2021-06-10 13:59:36+00:00,Buka jasa custom #BTSMEAL bisa cuan deh kayaknya https://t.co/9X8UyPmIDY
60,faniarmdhni_,2021-06-10 13:18:20+00:00,"Mau ceritaã…‹. ak ga marah sama Bpk yang nganter #BTSMeal ini, tpi Dia trss minta mmf ã…  krna ga lngsng anterin ke ak, Sebab si Bpk nya ambil pesanan lgi, Jdi mknan nya Dingin+ Booknya jd rusak, dn ak jd kesiangan jg sekolahny. Buat Bpknya aku bnrn ga marah ko pak ã…‹ã…‹
#BTSxMcD https://t.co/BKmnDOrttO"
61,freseash,2021-06-10 13:14:09+00:00,"Another #btsmeal ?? 

ğŸ¤­
#yeahright https://t.co/GACmaEzRKD"
62,clenaissance,2021-06-10 12:07:00+00:00,Apa itu #BTSMeal? #TeamPaNas2 ğŸ˜†ğŸ˜† https://t.co/7QJEhFgWjp
63,SamuelLats,2021-06-10 11:46:04+00:00,"Ini kok ga bisa pesen mcd dari go food ya? Apa karena #BTSMeal bikin masalah kemaren jadi ga bisa??

Padahal mau pesen yg lain
Jadi nyusahin ya kalo gini

@McDonalds_ID https://t.co/Jxat2MWTv7"
64,DianaSeptianiM,2021-06-10 11:41:58+00:00,"ğŸ¤ğŸ’œ
â€¢
â€¢
â€¢
â€¢
#bts #btsmeal #btsbutter #btsarmy #mcdonalds #mcdonaldsindonesia @ Jakarta, Indonesia https://t.co/FQSG96EjX0"
65,wahyudikusala,2021-06-10 10:57:21+00:00,"@McDonalds_ID Sukses ..Mantap.. The BTS Meal 
#BTSMeal 
#BTSxMcD 
#McDonaldsXBTS https://t.co/OmbYrtMNXL"
66,justjanty,2021-06-10 10:33:05+00:00,@ridlwandjogja Dapet juga ... #BtsMeal
67,selvii_indriani,2021-06-10 09:49:07+00:00,Dah aku mah bodo amat gamau dengerin kata orang..yang penting hati senang ğŸ˜ #btsmeal https://t.co/Ho5H8W8Y1B
68,webeku,2021-06-10 09:03:00+00:00,"#BTSMealindonesia #BTSMeal
Ini yg ku tahu bts dan sinyal sebagai meal nya https://t.co/tNywtsnms4"
69,Kj03667030,2021-06-10 07:44:39+00:00,"Baru Juga Sehari Rilis ,Masa Udh Habis Stok @McDonalds_ID  #Tidakseberuntungsichakhol @Sischakhol #siscakohl  #BTSMeal  jadi Kata Pihak MCDnyh udh Habis Stok, https://t.co/GehNWGLuHj"
70,vickynuary,2021-06-10 06:58:28+00:00,"Budak kapitalisme hohoho ğŸŸ
#BTSMeal #BTSxMcD https://t.co/flHDGS3sPH"
71,berryisme_,2021-06-10 06:36:14+00:00,im a #BTS ARMY and i â¤ï¸  #BTSMeal https://t.co/ggM2KIc4jR
72,half_indonesian,2021-06-10 06:06:32+00:00,âœ¨PROMO #GRATIS NasGorâœ¨ 2-30 Juni 2021 âœ¨ Order here ğŸ‘‰ğŸ¼ https://t.co/y7DLqFqlr0 #diskonmakanan #diskon #BTSMeal #BTSxMcD https://t.co/SD3361C3bS
73,Farhanalbariq_,2021-06-10 05:21:11+00:00,"setelah mencoba #BTSMeal sambel yang kuning rasanye kaya lem uhu anjir, lebih baik @McDonalds_ID mengembalikan ayam gule-nya"
74,ramansyah__,2021-06-10 05:07:57+00:00,Enak juga nih Nugget #BTSMeal pake nasi kecap ğŸ¤£ https://t.co/vACRytt7Q5
75,ramansyah__,2021-06-10 05:07:24+00:00,Bucin level xxx : pesenin @ridhakarimah bungkus #BTSMeal yang makan aku wkwkwk https://t.co/1w3SizV8VY
76,selvii_indriani,2021-06-10 04:42:12+00:00,Yuhuu ğŸ˜ğŸ’œ #btsmeal #BTSxMcD https://t.co/jnA3cGnxeC
77,Mang_Yuga,2021-06-10 04:14:39+00:00,"IDOLA             dan      Penggermarnya

Kalo saja........Andaikan saja....
@B2WIndonesia 
#BTSMeal #Bicycle https://t.co/DrJR0jblER"
78,YudhistiraLee,2021-06-10 04:11:34+00:00,"@zhras_ iki game opo meneh toh, dik? ğŸ˜… gak minta kang ojolnya antri #BTSMeal sekalian? ğŸ¤­"
79,GojekOnly,2021-06-10 04:07:43+00:00,"Peregangan dulu mau on bid biar antri #BTSMeal gak terlalu pegel...

Yoooo....

ğŸ“¢ Mahh Anaconda Dont ğŸ¶ https://t.co/EWxxLfa1go"
80,matchalahbuatlo,2021-06-10 04:04:24+00:00,Menu bts meal dihapus dari online food? Beneran udah abis????? #BTSMeal
81,willyarfredt,2021-06-10 03:51:43+00:00,"Opo lagi nyemoni aku..!!?

#ARMYINDONESIA #BTSMeal #BTSxMcD #BTS_Butter https://t.co/IZqpNuC61J https://t.co/2jBaQ1qhXn"
82,dinda_prmdk,2021-06-10 03:48:02+00:00,"https://t.co/wrHzXUk06Y
#BTSMeal #BTSxMcD #BTSxMcDonalds https://t.co/tJpd2lfPiA"
83,GangstaGojek,2021-06-10 01:44:27+00:00,"Event #BTSMeal #BTSxMcD nyatanya sampe 1 bulan selama Juni ini. 
Info dari @braddamamad bahwa gerai @McDonalds_ID di TB Simatupang pakai sistem buka tutup. 
Semoga seluruh gerai McD di seluruh Indonesia khususnya Jakarta &amp; Bekasi ikut sistem ini ğŸ’œ"
84,jphnyye,2021-06-10 01:37:21+00:00,"jam 16:00 tiba2 di email on transit (ada harapanğŸ˜­)
jam 17:00 udh harus pulang kantor, pasrah aja dah
jam 18:00 security kantor chat kalo baru sampe

Langsung balik lagi ke kantor ga mikir dah. Sekian ke impulsif-an kemaren #BTSMeal https://t.co/vkZu9f4mtD"
85,glennmars,2021-06-10 01:09:55+00:00,"Hari Kedua BTS Meal, Donasi ARMY untuk Ojol Capai Rp165 Juta https://t.co/6GyIkUTCbT

#BTSMeal"
86,rifkyrafsangani,2021-06-10 00:49:40+00:00,Kemarin abangÂ² gojek mungkin ada yg cuman nge bit 1 kali dalam sehari demi antri lebih dari 2jam an. Sekiranya kemarin pendapatan nya buat makan dia saja . Tolong para customer lebih dermawan buat kasih tip yg special ! #btsmeal #mcd #ojol
87,rivandiwr,2021-06-10 00:23:41+00:00,Apakah bungkus #btsmeal  adalah instrumen investasi di masa depan?
88,blanthik_ayu,2021-06-10 00:21:49+00:00,@ndorokakung *sodorin es krim #BTSMeal buatan Siska Kohl*
89,mporatne,2021-06-09 23:33:19+00:00,Heboh #BTSMeal buka tiktok semalam. Semuanya upload McD
90,YgwieMalemsenen,2021-06-09 23:21:40+00:00,Mau kentang goreng saus operasi pelastik?! #BTSMeal
91,babasharriyanto,2021-06-09 22:23:46+00:00,@McDonalds_ID Lain kali kalau mau pesan BTS Meal Jangan Ojol Takut Antisipasi Kerumunan mendingan Drive True MCD Harus Datang Awal #McDonaldsXBTS #BTSMeal #mcdindonesia
92,nadyaliauw,2021-06-09 20:40:49+00:00,"drivethru malam.. tidak antri.. ğŸ¤©ğŸ˜ yuhuuuu...
#BTSxMcD #BTSMeal #BTS #BTSMealindonesia #BTSARMY https://t.co/IFq16mZ20Z"
93,GojekOnly,2021-06-09 19:48:24+00:00,"@davidnurbianto Nih Vid dan warga Tangsel yg mau #BTSMeal mending jastip biar aman g takut sold out, dijamin aman dan sudah terbukti ğŸ‘Œ

https://t.co/C2koiPTPj1"
94,wakwawban,2021-06-09 19:16:03+00:00,"#OHbigTYPE Jangan lupa tip ya #BTSarmy 
Biar besok
semangat lagi cari order
#BTSMeal hoho
cuma bisa kasih ini untuk antusiasnya

SssttT scan atau tf https://t.co/0X73IQIxMb"
95,enjeeel_,2021-06-09 18:50:16+00:00,"#BTSMeal 

Hayuk.. https://t.co/shKRukRMoz"
96,enjeeel_,2021-06-09 18:48:43+00:00,"Jakarta.. tinggal 4 lagi
#BTSMeal https://t.co/zgkMjgn95t"
97,ramansyah__,2021-06-09 17:50:12+00:00,"Akhirnya dapet juga #BTSMeal 
seperti seperti sepertii.... seperti mati lampu ya sayaang... https://t.co/udbcsON4ti"
98,pardamean26,2021-06-09 17:46:10+00:00,"Gaes Buat nanti siang gw buka jasa pembelian #BTSMeal #BTSxMcD  area cibubur ... silahkan DM.
#ARMY #ARMYsSongForBTS2021 #BTSARMY"
99,rizkiagungpr,2021-06-09 17:46:05+00:00,"Kelaguan lu, make ngantri bts meal, emak lo nyemur jengkol kaga kemakan

#BTSMeal #BTSxMcD"
100,achietmokoginta,2021-06-09 17:38:30+00:00,@jOhn_mOel He's so happy too get #BTSMeal ğŸ’œ https://t.co/XuEAp1zue9
101,thepan_316,2021-06-09 17:01:08+00:00,"There you go guys.
#BTSxMcD #btsmeal #BTSMealindonesia 

https://t.co/9PhXugRXbt https://t.co/R62LHSREPK"
102,thepan_316,2021-06-09 16:50:57+00:00,"Kapan lagi beli box #BTSMEAL #BTSxMcD gratis VGA gan?!?!?!
@ezash @kevinchoc https://t.co/dU1jzj7zqB"
103,chacaatmika,2021-06-09 16:33:28+00:00,"Berasa lagi makan sama Jin ğŸŸğŸ¥¤

.. Jin dan Jun ğŸ¤­

#btsmeal #btsmcdonalds #btsmealmcdonalds #mcd @ McDonald's https://t.co/cJhIxFHHKW"
104,avysyahrin2,2021-06-09 16:23:54+00:00,"Our #BTSMealÂ  today.. @lasmadyna @Chocopiemcd_ ğŸŸğŸŸğŸŸ
Parapapapa~ @McDonalds @BTS_twt Iâ€™m purplinâ€™ itğŸ’œ https://t.co/oXeZWQ2yZz"
105,affandymurad,2021-06-09 16:15:44+00:00,"Due to high demand for #BTSMeal #BTSxMcD, All of @McDonalds_ID merchants closed all of their availability on @gojekindonesia app. It makes all drivers reject my order attempts. So I decide to order #BTSMeal by motorcycle through Drive-Thru lane. https://t.co/q8Fa1yow82"
106,wakwawban,2021-06-09 16:06:02+00:00,Ada lagi ini dingin dingin empuk kenyal minjmnya ini ga kalo beli #BTSMeal ? https://t.co/Kdb6hcpq0P
107,affandymurad,2021-06-09 16:05:10+00:00,"Letâ€™s see #BTSxMcDÂ  #BTSMealÂ  euphoria  in @McDonalds_ID ğŸ‡®ğŸ‡© now! cc: @McDonalds @BTS_twt @bts_bighit. Actually, this meal comprises medium cola, french fries, 10 chicken nuggets, and the 2 special sauces, Cajun Sauce and  Sweet Chili Sauce. It prices IDR 50.000 for one package. https://t.co/CGdkTTK0X0"
108,jokisoft,2021-06-09 15:48:07+00:00,"...gak rugi antri panjang...ğŸ˜‚ğŸ’œğŸ’œğŸ’œğŸ’œğŸ’œ

#planethumor 
#humor 
#humorindonesia 
#lucu 
#btsmeal 
#btsmealmcdonalds
#btsmealindonesia @ Jakarta, Indonesia https://t.co/31maeHhdO9"
109,ismibungsoe,2021-06-09 15:38:47+00:00,Finally dpt cm setengah jam aja kok tadi nunggunya #BTSMeal https://t.co/1EIJFQvlVO
110,this_is_via_,2021-06-09 15:25:37+00:00,"finally now ..its my time ğŸ¥ºğŸ˜­
aa makasih abang2 shopeefood ğŸ’œ
#BTSMeal #BTSxMcDonalds https://t.co/Je5bQNRlDK"
111,andy_godzilla,2021-06-09 15:22:20+00:00,"Ga dpt BTS Meal McD...dptnya yg versi sate ayam...
#BTSMeal #BTSARMY #sateayam https://t.co/bR29P3I9Iv"
112,_yinad,2021-06-09 15:09:14+00:00,"Thank you banget ya mas mas ojol tadi pagi! ğŸ’œ
Walaupun gue bukan Army jujur gue kepengen tau kayak gimana #BTSMeal yang rame itu. Untung pagi masih sepi jadi cepet cuman 15 menitan. 
Luv ğŸ’œ
Salam dari gue yang bukan Army
tapi jujur cajun sauce-nya nagih ğŸ˜­"
113,mdptyo,2021-06-09 14:59:26+00:00,"@HerrySis Penyebab mcd tutup tadi siang, seluruh stok #btsmeal dialihkan ke rumahnya"
114,Windy_a29,2021-06-09 14:48:26+00:00,"Bts meal in indonesian.. yeayyy..

#BTSMeal https://t.co/pHf6TSBMqt"
115,wakwawban,2021-06-09 14:36:41+00:00,"Foto via WAG #bogrades.id 
#BTSMeal Abis itu ada Happy Meal BT21 ga sih atau BangtanTiny? https://t.co/oYHeHvsHkQ"
116,intanfauziyanti,2021-06-09 14:33:05+00:00,#BTSMeal #BTSxMcD ğŸ˜ŠğŸ˜Š https://t.co/HqPHfg3aH2
117,Titastrid,2021-06-09 14:30:54+00:00,ğŸ˜ğŸ˜ #BTSMeal https://t.co/t1yVlLuIl7
118,Bufffire08,2021-06-09 14:30:43+00:00,"At least, I used to be the real ARMY today..
@BTS_twt
@bts_bighit
#BTSxMcD
#BTSMeal https://t.co/RZpXPd6k3S"
119,GangstaGojek,2021-06-09 14:21:43+00:00,"Efek #BTSMeal #BTSxMcD antusiasmenya luar biasa nunggu 3.5 jam di @McDonalds_ID Plasa Cibubur. 
Biasanya beres jam 5 sore. Hari ini beres malem.
Terima kasih untuk para fans BTS. 
Sudah mau sabar dan tipnya luar biasa ğŸ¥°ğŸ¥°ğŸ¥° https://t.co/l2uEmXSQHB"
120,GojekOnly,2021-06-09 14:08:55+00:00,"@ryan_nus #BTSARMY yang tau resto terdekatnya sudah close karena bludaknya antrian bahkan rela mencari resto yang jauh dari rumahnya demi #BTSMeal

Salute buat army 

*Angkathelm

#SalamSatuArmy https://t.co/CUXUoPbnKq"
121,radjaranan13,2021-06-09 13:50:41+00:00,#BTSMeal versi karyawan #McDonaldsXBTS https://t.co/cHPsfqIoDp
122,fauzahra,2021-06-09 13:49:33+00:00,My brunch today. Iâ€™m lovinâ€™ it @BTS_twt @bts_bighit #BTSMeal ğŸ’œ https://t.co/wDugiqWbpd
123,GorideOptimus,2021-06-09 13:46:24+00:00,"Rejeki nih setelah antri berjam - jam, semoga sistem di perbaiki oleh restonya @McDonalds_ID agr tindak timbul kerumunan. Agar tidak ada lagi Gerai yg di segel &amp; di kena denda 50 juta. 
#BTSMeal https://t.co/A3m5gFzMCg"
124,IsaR____,2021-06-09 13:46:18+00:00,"@ryan_nus suka duka......

#BTSMeal https://t.co/U9rg9qxVIE"
125,MainesPanjaitan,2021-06-09 13:33:30+00:00,"@tresnomasjimin Siapp,. Besok beli dulu #BTSxMcD #BTSMeal nya deh ğŸ˜‚ makasih ya kak inspirasinya, izin ikutan idenya, smart banget soalnya kasih nominal 50k jg, sukses terus ya kak !"
126,kathrinesiahaan,2021-06-09 13:31:14+00:00,"Dibawain #BTSMeal sama suaminya @marjulshe makasih adek ipar dan adeku,, akhirnya besok aku ga di pusingin sm Abel hleen minta beli makanan ini ğŸ˜‚ğŸ˜‚ https://t.co/qm8JZh0txf"
127,heraariani,2021-06-09 13:24:51+00:00,Siang tadi pergi ke salon. Naik ojol. Di jl Pahlawan Revolusi lihat abang2 ojol memenuhi McD sampai tumpah ke jalan. Gw pikir ada demo. Tp kok demo di dpn McD. Pas nyampe salon br tau klo org2 pd rebutan #BTSMeal Halah ra penting..
128,yaNotz,2021-06-09 13:00:15+00:00,#BTSxMcD #BTSMeal https://t.co/naFYHKBZY4
129,veautifulpurple,2021-06-09 12:54:17+00:00,Gedeg bgt gw sampe gak bisa ngehype #BTSMeal #BTSxMcD
130,my_savira,2021-06-09 12:46:53+00:00,Ak mau ikutan beli #BTSMeal https://t.co/m9IBoQ9uX3
131,wakwawban,2021-06-09 12:42:49+00:00,#BTSMeal dengan kearifan lokal indonesia #BTSarmy keep watching de menu https://t.co/UfH9O6wd9t
132,bulbulbitt,2021-06-09 12:40:21+00:00,#BTSMeal FINALYYYYY ğŸ˜­ğŸ˜­ğŸ˜­ğŸ˜­ barusan lagi ngerjain tugas tiba2 di telpon sama driver McD konfirmasi pemesanan tadi siang fufufuuf ku kira punya ku di cancel ternyata ngga ğŸ˜­ğŸ˜­ğŸ˜­ makasihhhhh bykkkk aku jadi ga bete hari ini ğŸ’œğŸ’œğŸ’œ borahaeeeee https://t.co/OarBT0L82q
133,maygantii,2021-06-09 12:31:16+00:00,"BTS MEAL ğŸ’œ Day 1 ğŸ’œ
@mcdonaldsid X @bts.bighitofficial .

#btsxmcdonalds  #BTSMeal #BTS #Indonesia #btsxmcdonaldsğŸ’œ @ Mcd Larangan Indah https://t.co/QGfonNHPRA"
134,hisarmanroe14,2021-06-09 12:17:17+00:00,"Get it, let it roll..ğŸ˜‹ğŸ˜‹ğŸ˜‹

@bts_bighit @BTS_twt @McDonalds @McDonalds 
#BTSxMcD #BTSMeal #BTSxMcDonalds #BTSButter https://t.co/Twg0O6QyhY"
135,mantikaa,2021-06-09 12:12:46+00:00,"So happy, gemes bangetğŸ˜­ğŸ˜­ Terimakasih kepada Bapak Mardiansyah dari Grab yang sudah rela antri untuk beliin BTS Meal di McD Taman Alfa. Semoga bapak sehat selalu dan lancar rejekinya nggih pak

@McDonalds ğŸ’œğŸ’œ

#ThankYouOJOL #BTSxMcD #BTSMeal #McDonaldsXBTS #ARMYBERTERIMAKASIH https://t.co/pArsk866Su"
136,bagrie_garcia10,2021-06-09 12:07:04+00:00,"Akhirnya resmi gw jadi bete'es maniiia mantap ,BTS chapter regional kabupaten  #BTSMeal #BTSARMY https://t.co/sUu9GCKF32"
137,ramansyah__,2021-06-09 12:02:44+00:00,"Dari #BTSMeal aku makin sadar kalo netizen suka dengan keributan, keramaian, hal yang heboh dan asik dibicarakan, padahal ternyata banyak juga yang ngantri dengan cara santai seperti disediakan kursi, berbaris rapi dan lainnya....."
138,Citralifanny,2021-06-09 12:00:56+00:00,"Ini hasil setelah 4jam menanti @BTS_twt ğŸ’›ğŸ’œ

#McDonaldsXBTS 
#BTSxMcD 
#BTSMealindonesia
#BTSMeal 
#BTSARMY https://t.co/4JUrXGw1pN"
139,Anisa17485428,2021-06-09 11:55:23+00:00,"Sumpah aku seneng banget ğŸ’œyg aku tunggu"" Dateng juga,butuh perjuangan
Dan ini perjuangan yang sangat luar biasağŸ˜˜#BTSmealğŸ’œ terimakasih buat BPK dan ibu ojol yang udah mau sabar ngantriğŸ™ğŸ™dan semoga semuanya sehat"" ğŸ™ğŸ™ğŸ™ https://t.co/9OlhuaHTLR"
140,sashuxxxx,2021-06-09 11:53:44+00:00,allah loves me soooo much ğŸ˜­ beli #BTSMeal cuman ngantri 2 kayak hari2 normal ğŸ˜­
141,cisboba,2021-06-09 11:52:55+00:00,"Gak sia sia hujan2an dan ngantri lamağŸ¥²ğŸ’œ
#BTSMeal https://t.co/wte3hSFzVe"
142,justjanty,2021-06-09 11:50:48+00:00,@AgusSaptono @CakBambangelf Kok @historia_id nggak ngulas yg #BTSMeal yağŸ˜…ğŸ˜…
143,febbyokaviani,2021-06-09 11:46:17+00:00,"Finally ğŸ˜šğŸ’œ
Terimakasih banyak buat semua driver ojol + staff mcd udah kerja keras banget hari ini ğŸ˜Š. Weâ€™re so happy ğŸ’œ
#BTSxMcD #BTSMeal
@McDonalds_ID @BTS_twt #BTSMealindonesia  #BTSMealxMcD #WePurpleYouMcD 
#ThankYouOJOL https://t.co/T2F3z4oATV"
144,SIJANTANKUMBANG,2021-06-09 11:46:10+00:00,Apa bedanya sama pemulung yang cari botol bekas air mineral?? Ketika logika dikesampingkan dan nafsu di unggulkan saat itulah kaum lord sehun dibincangkan #BTSMeal https://t.co/WXo9hmHdxu
145,Ana94844371,2021-06-09 11:44:04+00:00,"look at this mini ARMY,they so adorable they wait for almost 2 hours at the drive thruğŸ¤£ğŸ¥°https://t.co/Vis3uuyAra #BTSMeal #BTSxMcD #BTSxMcDonalds  #ARMY @McDonalds @BTS_twt"
146,Suwardi_25,2021-06-09 11:29:16+00:00,"Seblak BTS ! ğŸ”¥
#BTSMeal #BTSxMcD https://t.co/SBBdxk0DmY"
147,BunnyKuukie,2021-06-09 11:22:54+00:00,"Asli sih ga nyesel pesen yg awalnya cuma karena pengen dapet bungkusnya doangğŸ¤­ tapi ternyata pas makan 3 naget sma kentangnya bikin kenyang banget. Mekdi Indo paling the best lahğŸ‘âœ¨ 
#BTSMeal #BTSxMcD #BTS #BTSARMY #ARMY @BTS_twt @bts_bighit @McDonalds_ID https://t.co/xp5WrOAid8"
148,anna_fauziyah,2021-06-09 11:22:44+00:00,"Finally #BTSMeal
Â #McDelivery 
@McDonalds 
@BTS_twt https://t.co/3smlRVzKTa"
149,twntysxxty,2021-06-09 11:17:14+00:00,"my happiness is only worth of fifty thousand rupiahs only. How about u?

#BTSMeal #BTSxMcD @BTS_twt https://t.co/DRwapeVJ5d"
150,anilkrad,2021-06-09 11:15:48+00:00,I GOT IT ğŸ’œ #BTSMeal #BTSxMcDonalds https://t.co/XmbaJawwqb
151,iyestarigan,2021-06-09 11:08:56+00:00,"aku gak kebagian #BTSMeal ğŸ˜­ pas mau order udah keburu ludes. Grab, shopeefood jg udah gak bisa order huuu :( 
semoga besok bisa order yak ğŸ˜ https://t.co/aeGLW56q5W"
152,rezkyyyss,2021-06-09 11:00:34+00:00,"Thankyou somuch driver @gojekindonesia yang sudah rela antri berjam2, dan buat kamu makasih lhooo~ 

Bangtan BorahaeğŸ’œ
@bts_bighit
@McDonalds_ID

#BTSMeal #BTSxMcD https://t.co/njyGxRuCi4"
153,Sryyaaa12,2021-06-09 10:56:11+00:00,"Hasil berburu hari ini @BTS_twt  @McDonalds  gak sampe 10 menit lang sold out ğŸ˜Š
#BTSMeal https://t.co/oHldi5lDEO"
154,via89ortega,2021-06-09 10:53:39+00:00,"Hari ini big win sabi sih,lumayan bisa buat order #BTSMeal"
155,Lyjeykey,2021-06-09 10:43:11+00:00,"Ugh ketika aku berfikir keras untuk mendekorasi ğŸ˜­ 
FinishingğŸ˜ thanks buat abang driver nya yg mau antri sampe dua jam ğŸ˜­
ğŸ’œ girang banget gue pas udah dateng @BTS_twt @McDonalds_ID  @McDonalds @KOR_McDonalds #BTSxMcD #BTSMeal #McDonaldsXBTS  #WePurpleYouMcD https://t.co/FyuAb93FgG"
156,rickitten_,2021-06-09 10:42:39+00:00,Gua yang sering order mcd pun pengen banget jajal.#BTSMeal ini.. tapi apa daya Yang Deket aja tutup hihi https://t.co/LJ08agp7iE
157,livayyya,2021-06-09 10:39:17+00:00,selain #BTSMeal besok #TWICEMealğŸ­ donk xixixixi
158,rickitten_,2021-06-09 10:38:32+00:00,Dari #BTSMeal semua pihak didalamnya termasuk jasa pun ikut Mendapatkan banyak rezeki .. tapi harus juga ikuti protokol gaes .. ada beberapa kedai McDonalds yang tutup .. semangat gaes
159,ygpunyajapatta,2021-06-09 10:30:30+00:00,Aku bukan armyğŸ˜­ tp kalo aku jual bungkus nya di dalem frame ada yg mau gak yah #BTSMeal https://t.co/VZbJzGULSz
160,fjr_kurniaone,2021-06-09 10:23:32+00:00,"Order  #BTSMeal pake ojol alesannya ngindarin antrian dan kerumunan, sama aja kaya numbalin orang ga sih ?"
161,Anneseefuture,2021-06-09 10:22:51+00:00,Alhamdulillah kebagian juga #BTSMeal #BTSxMcD #ARMY https://t.co/nG6cf5VjZ0
162,lipatanpipi,2021-06-09 10:14:22+00:00,"@Wingsofbangtan_ @PohonDariARMY @BintangUngu3 @BTS_AHC_IDN @GojekOnTwitt Foto bareng sama customernya dong ğŸ˜Š

Alhamdulillah dikasih satu paket #BTSMeal  sama kakanya.

Jadi bisa #MakanBarengARMY
 juga ğŸ’œ

Bismillah power bank ğŸ˜Š

@PohonDariARMY @BintangUngu3 @Wingsofbangtan_  @BTS_AHC_IDN  @GojekOnTwitt
 #FESTAPora https://t.co/xaUP63867B"
163,ftr_agustina,2021-06-09 10:06:52+00:00,Finally  #BTSMeal https://t.co/zWQHtH10A5
164,vandy_46,2021-06-09 09:57:18+00:00,@amandatydes Apakah sudah mendapat #BTSMeal ???
165,dessychrisma,2021-06-09 09:55:04+00:00,Ini bedanya #BTSMeal sama hidangan McD biasanya apa sih? Bungkusnya doang?  serius nanya gw
166,mooievrouw86,2021-06-09 09:50:02+00:00,"Pantesan adek gue siang tadi ngebet ngajakin ke McD ternyata edisi ARMY toh, untung gak gue iyain ğŸ™ƒ
#BTSMealindonesia #BTSMealxMcD #BTSMeal"
167,Kiki_Loveit,2021-06-09 09:49:33+00:00,"I got them only half a hour. Gak pake antri..
Thank you @mcdonaldsid 
.
Borahae @bts.bighitofficial
ğŸ’œğŸ’œğŸ’œğŸ’œğŸ’œğŸ’œğŸ’œ.
.
#bts #mcdonalds #btsmeal #btsmealmcdonalds #btsmealindonesia #btsxmcdonalds https://t.co/l5kYDt5448"
168,alfrieds,2021-06-09 09:42:49+00:00,beli #BTSMeal dpt voucher operasi plastik ga?
169,ipunk_ii,2021-06-09 09:36:24+00:00,"Demi sikentang dan ayam di tepungin 
#BTSMeal"
170,selirbapamu,2021-06-09 09:34:50+00:00,"I finally got it after 4 hours of waiting
@McDonalds_ID @gojekindonesia
#gofood #BTSMealindonesia #BTSxMcD #BTSMeal https://t.co/bL71bhOEZg"
171,moccafloutmekdi,2021-06-09 09:34:18+00:00,"No not Today ...... #BTSMeal

From this :                 To this : https://t.co/GVVhwVUQ7x"
172,gustysate48,2021-06-09 09:33:19+00:00,"BTS = Babang tukang sate ğŸ˜ğŸ˜… #BTSxGUSTY
#BTSMeal 
#BTS https://t.co/4pZimXwGgU"
173,_dieeeee12,2021-06-09 09:32:53+00:00,"repot @bts_bighit yg beneran laper jadi lamaaaaaaaaaaa

di serang ARMY nih gua ğŸ¤£
#BTSxMcD #BTSMeal #repot https://t.co/zkwJEcS0Jv"
174,Intanisme1,2021-06-09 09:31:23+00:00,Cantik cantik cantikk........... makasih @McDonalds_ID bungkusannya di pisah. Effort kalian akan selalu army ingat #BTSMeal #BTSxMcD https://t.co/WtP0IclqHO
175,Intanisme1,2021-06-09 09:29:44+00:00,"Perjuangan hari ini abang ojol yg nerima orderan gue, quotes gue ""soalnya idola saya jual nugget"" @bts_bighit @McDonalds_ID @gojekindonesia  #BTSMeal #BTSxMcD #BTS #BTSARMY https://t.co/PJmnlXlm6V"
176,RezaKujoy,2021-06-09 09:28:41+00:00,BTC naik gara2 BTC Meals kali ya ? #BTC #BTSMeal #BTSxMcD https://t.co/Im2asSveo1
177,edhodho,2021-06-09 09:27:06+00:00,"Gofar beli  #BTSMeal 
Auto +++ macet 
Sama pertanyaan dan keniscayaan kantong mekdi bisa di reseL ğŸ³ï¸"
178,jakartablmtidur,2021-06-09 09:20:48+00:00,"Yang beli dan rela antri di masa pandemi abai prokes cuma buat #BTSMeal
kalian semua norak tau ga"
179,ermhaemma,2021-06-09 09:16:26+00:00,#BTSMeal ğŸ’œğŸ’œğŸ’œ https://t.co/zlHbasgoLr
180,mariahsyii,2021-06-09 09:16:23+00:00,@Neegameowmeow @BTS_twt Jadi gimana ka sama calon suami apa udh beli #BTSMeal ?
181,Gkbolehkepo2,2021-06-09 09:14:49+00:00,Perjuangan bgt si nunggu 3 jam dari panas ke ujan ke panas lagi dan finally dapet terharu huhuu #BTSMeal https://t.co/sHLpjfrof0
182,Anakyangke1,2021-06-09 09:13:55+00:00,Rame amat nih #gofar Sama #BTSMeal ???? https://t.co/XrRNHdCJ0O
183,RioSuperstar,2021-06-09 09:13:26+00:00,"Hello Indonesia! Wkwkwkâ€¦
Hari ini ku joining the hype pesen #BTSMeal tp ga pake gofood atau grab. Ku langsung ke McDelivery. Pesen jam 11 lalu masuk antrean dan baru tiba pkl 15:30 hihihiâ€¦
Isinya ciken naget dan kentang guys. Pake 2 saus: cajun dan chili yg rada asem2 ala thai. https://t.co/F1LrcM7CCq"
184,sabilazmi_,2021-06-09 09:08:35+00:00,"ARMYs r really excited for this moment, especially on the 1st day. Up to 30 minutes the order was closed, coz the queue very long. it can take about 3 hours to get an order
Thanks 4 the hard work's @McDonalds_ID (has made ğŸ’œpackaging separate) n also drivers. 
#BTSMeal 
#BTSxMcD https://t.co/IZv0DaiMyJ"
185,xjiniretssie,2021-06-09 09:05:13+00:00,#BTSMeal https://t.co/DYehCOWvOd
186,xxxliyz,2021-06-09 08:59:04+00:00,"Seneng banget hari ini, banyak suka-duka buka tl gara gara #BTSMeal 
URI ARMY JJANG!!!"
187,YudhistiraLee,2021-06-09 08:58:58+00:00,"katanya sistem (pemesanan) dah ditutup se-endonesah. tapi, aku ko' msh nemu ini disekitar tmpt kerjaku? ğŸ¤” #BTSMeal https://t.co/M0oinpViVo https://t.co/K4peCL9L4P"
188,fitrifebri_10,2021-06-09 08:51:13+00:00,"Yey silahkan di lihat di youtube : Fitri Febriyanti ğŸ™ğŸ»ğŸ™ğŸ»ğŸ™ğŸ»

#WePurpleYouMcD #BTSMeal #BTSxMcD #Jam11 #ARMY #Hybe #SemangatOJOL #ThankYouOJOL #McDelivery https://t.co/zVycfWFxWj"
189,mpriiis,2021-06-09 08:49:25+00:00,yeaaay ğŸ¥³ğŸ¥³ğŸ¥³ğŸ’œğŸ’œğŸ’œ #BTSxMcD #BTS #BTSMeal https://t.co/BZIwJHvRii https://t.co/qhxxryLAKT
190,Bung_Ipay,2021-06-09 08:47:47+00:00,@BabehOjol Babeh panutan kita semua #BTSMeal #BTSARMY
191,YudhistiraLee,2021-06-09 08:45:16+00:00,Nugget ama kentang goreng doang bisa begini? ğŸ¤” #BTSMeal https://t.co/g9rRtAuYux https://t.co/lNVM9bcgk2
192,mellifluousdec,2021-06-09 08:40:05+00:00,"Yeayyyy akhirnya sampe ye kan walo rada drama:"")

#BTSMeal https://t.co/ZvJv85Qdoh"
193,elshatheopani,2021-06-09 08:30:49+00:00,"All McDonald's nearby at home temporarily closed, sampe McDonald's kemang juga tutupnya cepet banget padahal masih jam seginiğŸ’”ğŸ¥² @McDonalds #McDonalds #mcd #McDonaldsXBTS #mcdindonesia #BTSxMcD #btsmeal #BTSMealindonesia https://t.co/UhLJj2nnRO"
194,Lararorenzo,2021-06-09 08:26:30+00:00,"#BTSMeal #BTSxMcD
#ThankYouOJOL #SemangatOJOL  #WePurpleYouMcD  @McDonalds_ID McDelivery  Antri Driver Gojek Gofood Bungkusnya bagus banget + saus cajun âœ¨ ğŸ‰ https://t.co/9akfZFFADd"
195,jurnaldevi,2021-06-09 08:17:42+00:00,"Saos cajunnya enak, mcnuggetnya juga enak kok. Terus ya dapet packaging tambahan gitu denger-denger biar bisa disimpan para Army. #BTSMeal https://t.co/guAmEZYuTa"
196,agustinuskoe,2021-06-09 08:08:51+00:00,#McDonaldsXBTS #BTSMeal #BTSxMcD https://t.co/kfqcJeB0iU
197,fathir_zidane,2021-06-09 08:05:10+00:00,"Finaly i got it ğŸ¥°ğŸ¥°ğŸ¥°
#BTSMeal https://t.co/VT0algSP2j"
198,sariliv_,2021-06-09 08:05:04+00:00,Masii ngantor padahal ingin ikutan beli #BTSMeal ğŸ˜­
199,AngeMarlinda,2021-06-09 07:59:09+00:00,"Demi ini.. Banyak Abang Ojol yg ngantri kek ngantri sembako.. Sabar ya bang #gojek #grab dalam mendapatkan #btsmeal dari #mcdonalds ğŸ’œ @ Jakarta, Indonesia https://t.co/PsxpAQfxVh"
200,Heefara,2021-06-09 07:48:32+00:00,"Hasil keisengan mau liat drive thru deket rumah rame apa ga ternyata gak, langsung masuk, walaupun antriannya dibatesin supaya ga bikin kemacetan

#BTSxMcD #BTSMealxMcD #BtsMeal https://t.co/3Mlet9fvWg"
201,ghinalaska,2021-06-09 07:47:39+00:00,YASSS FINALLYYY ğŸ’œğŸ¦‹ğŸƒğŸŸğŸ»ğŸŒˆğŸ¦–ğŸ§šğŸ¼â€â™‚ï¸ğŸŒğŸ¦„ğŸ’– #BtsMealÂ ï¿¼ https://t.co/H9y8D2OPe9
202,Lararorenzo,2021-06-09 07:45:29+00:00,"Sesuai ekspektasi ğŸ¥³
Selamat menikmati bagi Army yang sudah kebagian #BTSMeal #BTSxMcD
#ThankYouOJOL #SemangatOJOL  #WePurpleYouMcD  @McDonalds_ID McDelivery  Antri Driver Gojek Gofood Bungkusnya bagus banget + saus cajun âœ¨ https://t.co/EQJ3Ie5HaA"
203,aullatifah,2021-06-09 07:37:47+00:00,"Akhirnya dapat ğŸ’œğŸ’œ 

Terimakasih driver @gojekindonesia yang udah antri 2 jam lebih ğŸ™

Terimakasih juga safe package nya @McDonalds_ID 
ğŸ’œğŸ’œğŸ’œ

#BTSxMcD #BtsMeal #BTSMealindonesia https://t.co/1OVjeq307M"
204,_A4Tweets,2021-06-09 07:37:02+00:00,"Buat #BTSMeal sumpah gue kasian, sama karyawannya. Tadi sempet ada yang nangis2 grgr dimaki maki driver yang ngantri. Nah driver juga rugi waktu sih kalo gini, mutlak kesalahan kebijakan resto."
205,bohal_firdaus,2021-06-09 07:36:17+00:00,Pejuang cuan #BTSMeal https://t.co/jSUclq0CQU
206,takiizawaa,2021-06-09 07:34:22+00:00,"Ya ampun,mau nangis ğŸ˜­ ,terimakasih sudah ikut ramein GA kemarin,sehat selalu dan bahagia terus kamu &amp; @SengLips ya  â˜ºï¸ selamat menikmati #BTSMeal #BTSxMcD nya ğŸ’œ
ğŸ™ğŸ™â˜ºï¸â˜ºï¸â˜ºï¸ğŸ’œğŸ’œ https://t.co/FvVkEukf8l"
207,adhrian_yqx,2021-06-09 07:31:41+00:00,streaming #LokiWednesdays sambil makan #BtsMeal ğŸ˜ https://t.co/sN5eRsM96v
208,squilliams,2021-06-09 07:30:24+00:00,Kok bisa ada yang gak mau kemasan #BtsMeal ğŸ‘‡ğŸ‘‡ğŸ‘‡ https://t.co/Eusvzcrtji
209,todayisdza,2021-06-09 07:27:19+00:00,"finally after ngantri puanjanggggg, btw saosnya lupa ke foto ğŸ˜­ğŸ¥º

#BTSMeal 
@McDonalds_ID https://t.co/40N0cAWTa9"
210,ggukiesjeon_,2021-06-09 07:25:46+00:00,"Setelah menunggu beberapa jam akhirnya Dateng juga ğŸ˜­ğŸ˜­ğŸ˜­ tapi gak dapet saus cajun nya padahal pengen bgt ngerasain rasanya kaya gimana ğŸ˜­ğŸ˜­ğŸ˜­ 
#BTSMeal 
#BTSxMcD https://t.co/IR8wySRajP"
211,octalia_24,2021-06-09 07:25:25+00:00,Yeaay yang di tunggu tunggu ğŸ˜ğŸ’œ#BTSMeal https://t.co/HtZ1vjO1dl
212,puteriersa,2021-06-09 07:13:06+00:00,Semangat terus buat bapak/ibu ojol yg udh rela antri panas2nya gini dan pasti rame banget. Teman-teman jgn lupa tipsnya ya buat tambahan ğŸ’œğŸ’œğŸ’œ#BTSMeal
213,wahrasyid,2021-06-09 07:12:25+00:00,"Jangan lupa abis beli McD BTS Meal, bungkus nya dimasukkin ke lemari kaca #BTSMeal #BTSxMcD"
214,hybestankiw,2021-06-09 07:11:49+00:00,"drive thru lama nunggu trs tdi hujan tpi gpp yg penting terbayarkan
#BTSMeal https://t.co/SIMcICpDmo"
215,byy_ourself,2021-06-09 07:11:28+00:00,"Temen gua yg sopipud udh ksel bat keknya nunggu wkwkwk , semangat dah para ojol #BTSMeal #BTSxMcD https://t.co/qPSJ3TeqK9"
216,GangstaGojek,2021-06-09 07:10:24+00:00,"Sudah 3 jam order #BTSMeal #BTSxMcD belom beres. 
Ayo @McDonalds_ID kalo ada event seperti ini lebih prepare. 
Ini gokil sih
Kepolisian, Kodim, Satgas Covid pada dateng. https://t.co/YsnL6ZZXX1"
217,AlvianBudiSant2,2021-06-09 07:09:23+00:00,"Stay safe teman-teman.
Pandemi masih ada

#BTSMeal https://t.co/jBksxZsvjl"
218,justjanty,2021-06-09 07:03:32+00:00,Akhirnya dapet #BTSMeal #BTSxMcD @McDonalds_ID  @McDonalds ..terima kasih pak driver goofood @gojekindonesia  ..ponakan saya senyum gak brenti-brentiğŸ’œğŸ’œğŸ’œ https://t.co/0xHAH4XE2k
219,widehandsomeot7,2021-06-09 07:03:30+00:00,I GOTTCAAA THE BTS MEAL #BTSMeal #BTSxMcD #ARMY waitting for a hour ğŸ˜­ğŸ˜­ğŸ‘ğŸ»ğŸ‘ğŸ»ğŸ’œğŸ’œğŸ’œğŸ’œğŸ’œğŸ’œğŸ’œâœ¨âœ¨âœ¨âœ¨ https://t.co/NQowQFWCz8
220,wulan_ds07,2021-06-09 07:01:04+00:00,"Yg nanya ni rasanya kek gmn... Rasanya serenyah senyuman Jin, segurih ketawanya Jhope, semanis lesung pipi RM, sekriuk candaannya Jimin, secrunchy swagnya Suga, kemasannya setampan V, nikmat bgt pokoknya kek suara Jung Kook ğŸ˜ğŸ‘ğŸ»
#BTSMeal #BTSxMcD @BTS_twt @McDonalds_ID https://t.co/JSHVAn4nEu"
221,widehandsomeot7,2021-06-09 07:00:50+00:00,RAME BANGETT YA TUHANN NGANTRI SAMPE 1 JAM-an pada peen beli BTS MEAL huhuuu limited editionn ğŸ˜­ğŸ˜­ğŸ˜µğŸ˜µğŸ’œğŸ’œğŸ’œğŸ’œğŸ’œğŸ’œğŸ’œ #BTSMeal #BTSxMcD #BTS #ARMY https://t.co/05BzifBkkH
222,sofie_fiewiesta,2021-06-09 07:00:18+00:00,"Akhirny gojeknya nyampe juga itu #btsmeal ,,gue suruh pojokin biar GK ada yg makanğŸ˜‚ğŸ˜‚ğŸ˜‚ğŸ˜‚ https://t.co/aB6mBCWyeR"
223,Citralifanny,2021-06-09 06:57:25+00:00,Excited bgt gue pesen #BTSMeal sampe ngehebohin kantorğŸ¤£
224,Kevin_Anggie,2021-06-09 06:52:53+00:00,"Serius nanya, yang membuat beda #BTSMeal sama menu yang lain itu apa ?"
225,dheaarsyis,2021-06-09 06:51:32+00:00,Gagal ikut pesen delivery berburu #BTSMeal #BTSxMcD inimahhh huhu Mana cuma smpe jam 5 ğŸ˜­ğŸ˜­ğŸ˜­
226,qronoz,2021-06-09 06:48:19+00:00,Ternyata kalo cara makan #BTSMeal-nya bener ada efeknya lho ğŸ˜± https://t.co/r1rz5EA2my
227,rahmahnz,2021-06-09 06:43:21+00:00,#BTSMeal #BTSxMcD bikin polisi @TMCPoldaMetro kerepotan nutupin semua outlet gegara banyak kerumunan ğŸ˜­ğŸ¤£ğŸ¤£
228,gwiyeobdajk7,2021-06-09 06:42:21+00:00,"Cape nunggu BTS meal ga sampe2 huhuhu padahal order dri jam 11.30 lohh 
#BTSMeal 
#BTSxMcD https://t.co/gwOOTZPucl"
229,your15shadow,2021-06-09 06:41:47+00:00,Ga ngotak antriannya #BTSMeal
230,takiizawaa,2021-06-09 06:41:34+00:00,"Terimakasih atas totalitasnya ya ,yang sudah bersedia mengantri dlm waktu yg lama,tanpa bantuan @GrabID mungkin aku ga kebagian hari ini .Semangat terus ğŸ’œ
#BTSMeal 
#BTSMealxMcD https://t.co/CiudFKIn3G"
231,mochamadrizki,2021-06-09 06:38:24+00:00,"1 Paket BTS Meal itu isinya 9 nugget, fries, 1 cajun sauce, 1 sweet chilli sauce sama coke. Harga plus tax 50rb kalo beli lewat drive thru #BTSMeal https://t.co/KnhrUDpGKk"
232,ainaalfyshr,2021-06-09 06:37:45+00:00,"Alhamdulillah dapet ya my walaupun nunggu hampir sejam tp gapapa akhirnya kedapetan jugaa. Untuk babang ojol makasih udah bela belain antri dan tetep jaga kesehatan ya pak!! Borahae ğŸ’œğŸ’œ

#ë°©íƒ„ì†Œë…„ë‹¨ì§„
#McDonaldsXBTS
#BTSMeal
#BTSxMcD
ARMY https://t.co/R7b3sp9r8G"
233,Citralifanny,2021-06-09 06:36:19+00:00,"Terharu amat ya liat hari iniğŸ’›ğŸ’œ

#BTSxMcD 
#BTSMeal 
#BTS 
#BTSMealindonesia"
234,Bung_Ipay,2021-06-09 06:34:16+00:00,"#BTSMeal #BTSxMcD 

Ingat dunia ini sementara ğŸ˜ https://t.co/h9CAdLEHea"
235,kthhahaha_,2021-06-09 06:31:25+00:00,"@McDonalds_ID min, dibekasi sibuk semua ğŸ˜” sampai kapan ya ini #BTSMeal nya?"
236,Kim_rahmaynd18,2021-06-09 06:31:06+00:00,"Makasih bgt buat bpk OjolğŸ’œğŸ’œ
Btw saos yg bikin penasaran gue ternyata rasanya asemnya nyenget batğŸ™ƒtpi enak 
#BTSMeal #BTSxMcD #ARMY https://t.co/FTwoAMNFTK"
237,carolinaevitap2,2021-06-09 06:29:03+00:00,Cute~ #BTSMeal #BTSxMcD https://t.co/6gh8TRuI04
238,najyenka,2021-06-09 06:28:12+00:00,Semangat ya Abang #BTSMeal https://t.co/x5SyNZ0Xxf
239,nafasnya_V,2021-06-09 06:27:56+00:00,Antre drive thru...gilassss .pantesan gofood pada ttup smua mcd.pelakunya nihhğŸ˜€ğŸ’œ #BTSMeal #BTSxMcD @BTS_twt https://t.co/j4JWPFLbjV
240,Citralifanny,2021-06-09 06:27:35+00:00,"Bapaknya baik sekali, setelah 3x dicancel, bapaknya tanpa basa basi meng-oke-kan. ğŸ’›ğŸ’œ

#BTSMeal 
#BTSxMcD 
#BTS 
#BTSMealindonesia https://t.co/m8tXwoYIvP"
241,nrlwulandr,2021-06-09 06:24:53+00:00,"Makasih abang ojol yg udh mau ngantri dan ga cancel pesenan, alhamdulillah sampe dgn selamat ğŸ¥ºğŸ˜­ğŸ’œğŸ’œğŸ’œğŸ’œ  #BTSMeal #BTSxMcD https://t.co/sAQzyqvkzr"
242,gentasat,2021-06-09 06:24:10+00:00,"Dan antrian drive thru pun diblokir oleh abang ojol. Yang didalem mobil macet2an antri drive thru pada nangis ga bisa ambil orderan.

Lah abang ojol 1 jam an mbk nunggu. Jangan cengeng. 

Akhirnya dateng pol pp dan polisi buat menenangkan suasana #BTSMeal https://t.co/Tb6gEQBz6m"
243,nadinnbrlin,2021-06-09 06:22:25+00:00,"@BTS_twt BORAHAE!!!!ğŸ’œğŸ¤ğŸ’œ
#BTSMeal 
#BTSxMcD 
#BTS 
#BTSARMY https://t.co/XhioVmRrHY"
244,WuLandarisri_by,2021-06-09 06:20:28+00:00,Mendarat dengan selamat @McDonalds_ID @BTS_twt @bts_bighit #BTSMeal https://t.co/9AJN5A4saO
245,evianafs,2021-06-09 06:19:02+00:00,"Yang laen pada ngantri #BTSMeal 
Kalo gw pick up orderan di burger king sekalian ada playgroundnya ğŸ¤­
Gini deh enaknya kalo jd driver gofood kdg sesekali sambil ajak anak2, biar ga bosen dirumah. https://t.co/9gN1mhxvd1"
246,sellyfebriyant1,2021-06-09 06:18:34+00:00,#BTSMeal https://t.co/WdMOtbZFYp
247,nurhasanah66,2021-06-09 06:18:29+00:00,"Seneng banget bisa merasakan euphoria #BTSMeal di Indonesia bersama #BTSxMcD .. mantap banget packaging yg kertasnya dibungkus plastik jadi masih bersih bisa diarsip deh.. Gomawo #BTSxMcD #ë³´ë¼í•´
ğŸ’œğŸ’œğŸ’œğŸ’œğŸ’œğŸ’œğŸ’œ https://t.co/W22UZUhvdD"
248,fbillys,2021-06-09 06:17:53+00:00,Because Grogu loves some chicken nuggets #BTSMeal @McDonalds @BTS_twt @starwars https://t.co/ZRBw4rMx1s
249,MYusril_IhzaM,2021-06-09 06:16:58+00:00,"@BTS_AHC_IDN @PohonDariARMY @BintangUngu3 @Wingsofbangtan_ @GojekOnTwitt Keliatan gak #BTSMeal #BTSxMcD Nye Min?
@PohonDariARMY 
@BintangUngu3 
@Wingsofbangtan_ 
@BTS_AHC_IDN 
@GojekOnTwitt 

#MakanBarengARMY #FESTAPora https://t.co/TuPldHrAHF"
250,annisarullisani,2021-06-09 06:15:42+00:00,"Gegara #BTSMeal ini MCD pada tutup semua lewat grabfood, gofood sm shopeefodd wkwk huft ğŸ¤¦ğŸ¼â€â™€ï¸ğŸ™…ğŸ»â€â™€ï¸ https://t.co/HEiEjkRJCZ"
251,edhodho,2021-06-09 06:15:00+00:00,Ahh gila macett  #BTSMeal
252,yyuussii88,2021-06-09 06:14:17+00:00,"They put the BTS meal paperbag in a separate plastic bag like a merch to keep it safe ğŸ˜„ğŸ’›
ğŸ“Jakarta, ID

#BTSMeal 
#BTSxMcD https://t.co/aYyAOy7aQd"
253,croixsanct,2021-06-09 06:10:48+00:00,alhamdulilah dapet BTS meal ğŸ¤¤ #BTSxMcD #BTSMeal https://t.co/tAnpVW04z5
254,takiizawaa,2021-06-09 06:08:48+00:00,"#BTSMeal  ini katanya sebulan ya ? Berarti nanti ku bs adain lagi,semoga masih ada stock ya kawan ğŸ’œ GA tidak untuk hari ini,tp semoga lain hari ke depan ğŸ™"
255,novemlawalata,2021-06-09 06:08:24+00:00,Ikutan ah #BTSMeal ğŸ™ŠğŸ¤£ https://t.co/kOJJ7j9TP0
256,175_hopes,2021-06-09 06:07:35+00:00,"Finally nunggu 1 jam demi ini worth it lah thx ya @najaemiiii ğŸ’™ğŸ’™ğŸ’™ğŸ’™

#BTSxMcD #McDonaldsXBTS #BTSMeal #BTS https://t.co/4jyKHVJLQ8"
257,nae_bananae,2021-06-09 06:05:11+00:00,"@GrabID Makan siangku hari ini.
#BTSMeal

Terima kasih babang driver @GrabID 

Alhamdulillah ga antri, karena udah order dari jam 9.
Jadi jam 11 tinggal ambil orderan aja.
Saran buat yg belum order pakai schedule ya.

#BTSxMcD https://t.co/xqh4oREPkr"
258,dpmulan,2021-06-09 06:04:43+00:00,"Yg bikin McD membludakğŸ’œ

#BTSMeal #BTSxMcD https://t.co/n8caWOBeXF"
259,qonitafya,2021-06-09 06:03:46+00:00,"Makasi teruntuk bosqu, salam satu army ğŸ’œ
#BTSMeal https://t.co/sbM6gKPbYE"
260,SUG4RINE,2021-06-09 06:02:10+00:00,"gotcha! ğŸŸâ™¥ï¸

#BTSMeal #BTSxMcD
@BTS_twt @McDonalds_ID https://t.co/G9bdpJDX6P"
261,djtokaya,2021-06-09 06:02:00+00:00,"Paper bag dan sausnya dibungkus plastik biar ga rusak
#BTSMeal https://t.co/tEkTIf44pd"
262,qonitafya,2021-06-09 06:01:10+00:00,"Teruntuk bang ojol, jangan salahin kita dong ğŸ˜­ğŸ˜­ğŸ˜­ coba watsap bang jungkook aja sana #BTSMeal"
263,itsindriii,2021-06-09 06:00:13+00:00,Finallyyyyyyyy~ happy lunchy. ğŸ’œ @McDonalds @BTS_twt #BTSMeal #BTSxMcD https://t.co/fdGDZbc6de
264,qonitafya,2021-06-09 05:57:34+00:00,Anjir lah ga dapet bene photocard lalalala aja udh kek gitu ya #BTSMeal
265,carolinaevitap2,2021-06-09 05:56:07+00:00,Come on baby. Come to mommy~  #BTSMeal https://t.co/JoaJaLBBCK
266,peachyjeonmin,2021-06-09 05:56:02+00:00,I GOT ITTT #BTSMeal #BTSxMcD https://t.co/OJmwLQEU9x
267,mdptyo,2021-06-09 05:54:15+00:00,Terpantau semua mcd terdekat pada tutup ğŸ˜ #BTSMeal https://t.co/CieVNeXjav
268,na_alav,2021-06-09 05:54:04+00:00,"akhirnya setelah nungguin sejaman ğŸ˜­ğŸ’—  @McDonalds
#BTSMealxMcD #BTSMeal https://t.co/cA9cWMsO25"
269,sashuxxxx,2021-06-09 05:53:32+00:00,@narissxa @ajeng_rhm padahal bisa nyambi nggojek kan bantuin nganterin #BTSMeal
270,takiizawaa,2021-06-09 05:52:09+00:00,"Mau nangis ğŸ¥ºğŸ’œğŸ’œğŸ’œ 
Habis dinas malam ,bela belain ga balik ke rumah,tetep stay di RS,buat apa ? Ya buat nungguin ini ğŸ˜­ 
#BTSMeal 
#BTSxMcD https://t.co/0FiNmKFNoD"
271,shevioletfish,2021-06-09 05:50:33+00:00,"TENANG
yg ini ada sampai 7 juli, selama persediaan masih ada.
#BTSMeal https://t.co/UhY9jUo6Y1"
272,sellyfebriyant1,2021-06-09 05:49:32+00:00,"#BTSMeal
Akhirnya dapet dong ğŸ˜­ğŸ˜­ğŸ˜­ https://t.co/4lDi9HBg5p"
273,filterie_,2021-06-09 05:47:06+00:00,Met mam gaes #BTSMeal https://t.co/Pg5iTCq146
274,fred4rk,2021-06-09 05:46:09+00:00,Hmm. Indonesia printed. #btsmeal https://t.co/JltWk6neII
275,Kim_Miyung27,2021-06-09 05:45:59+00:00,"Terimakasih buat Babang GO-FOOD yang udah mau sabar ngantri dari 1 jam lebih.... @gojekindonesia  @McDonalds_ID 

#BTSMeal 
#BTSxMcD https://t.co/PyZw1hfJum"
276,tasharover,2021-06-09 05:44:34+00:00,yey ğŸ’œğŸ’œ #BTSMeal https://t.co/6UsnLXVWhv
277,thepan_316,2021-06-09 05:43:35+00:00,"Dear @gojekindonesia &amp; @GrabID ,
Increase their salary asap.
Minimal bonus.
They deserved it.

And yes Iâ€™m ordering a #BTSMeal .
For *ahem* research purposes.

#btsxmcd https://t.co/Ai3tusMjxZ"
278,djtokaya,2021-06-09 05:36:41+00:00,"Gila sih rata-rata sibuk semua ğŸ˜±
#ShopeeFood #BTSMeal https://t.co/2VPIEN4TCi"
279,emil_skalit,2021-06-09 05:36:12+00:00,Hahahahahaha... Luar biasa. #BTSMeal https://t.co/yXfwtKRTZM
280,wakwawban,2021-06-09 05:36:04+00:00,"McD crew be lyke: ""Hari ini milik gua!"" #BTSMeal #BTSARMY https://t.co/TN2bVJUfw5"
281,lannycarolina_,2021-06-09 05:33:19+00:00,"Kata anakku ""mama gelasnya jangan dibuang"" ya ampun nak kamu kecil2 tau aja barang2 fangirl ğŸ¤­ğŸ¤­ #BTSMeal #BTSxMcD"
282,grandysofia,2021-06-09 05:27:35+00:00,"Waduh, da apa nihğŸ˜…

#BTSMeal https://t.co/q3thiT3VJj"
283,sleppymin,2021-06-09 05:26:25+00:00,"Entah antri drive thru buat anak,istri atau pacar yg pasti bapak ini army banget...case hapenya aja uri leader namjoonğŸ˜ğŸ‘#BTSMeal https://t.co/7MloFexYOF"
284,amoy_____,2021-06-09 05:25:48+00:00,"The Power Of ""Army"" #BTSMeal 

ğŸ¤¦ğŸ¼â€â™‚ï¸ğŸ¤¦ğŸ¼â€â™‚ï¸ https://t.co/0LWKeJXgjy"
285,mrs__poh,2021-06-09 05:25:38+00:00,"Entahlah apa nanti akan se-yummy gambar ini #BTSMeal sing penting ikutan aja beli biar anak wedokku senang... ğŸ˜‘

Kayanya ga kenyang makan ginian ğŸ¤” lebih milih nasi padang... ğŸ¤¤ https://t.co/SxU50fn6EY"
286,Rfhamid,2021-06-09 05:25:26+00:00,Amazingg @McDonalds_ID #BTSMeal #BTSxMcD #McDonaldsXBTS #BTSARMY https://t.co/DHZwmcpoaN
287,KandikyaYanah,2021-06-09 05:21:28+00:00,Finally ternyata bahagia itu mudah banget ya kebagian BTS meal aja udah bahagia bangeettt thank's juga untuk pak ojol udah mau ngantri panjang banget ğŸ˜‡ğŸ˜Š #BTSMeal https://t.co/EmztPZZjCH
288,lannycarolina_,2021-06-09 05:20:54+00:00,"Dan sekarang di grabfood dan gofood mcd nya pada closed
Semangat army yg msh nunggu pesanannya dan abang driver ojol yg msh pd antri #BTSMeal #BTSxMcD"
289,mutiaararaa,2021-06-09 05:19:25+00:00,Berhasil ğŸ’œ #BTSMeal #BTSARMY #BTSxMcD https://t.co/IpGt5DxuQx
290,lannycarolina_,2021-06-09 05:19:18+00:00,"Antriannya tadi jam 11..untung gw udah pesen dari jam stgh 10
#BTSMeal #BTSxMcD https://t.co/k9JZU8c1Oe"
291,PutriSuranti3,2021-06-09 05:18:15+00:00,"11.00 tepat checkout dan udah seantri ini, terimakasih pak udah mau nunggu ğŸ’œğŸ’œğŸ’œ
#BTSxMcD #BTSMeal https://t.co/b8NKdGLHxo"
292,lannycarolina_,2021-06-09 05:17:14+00:00,"Kalau kata bapak grabfood nya, ""untung kakak udah pesen duluan di awal, kalau pesan skrg bisa 3jam antrinya"" #BTSMeal #BTSxMcD"
293,willandh_,2021-06-09 05:14:02+00:00,"Am i an army? ğŸ˜
#BTSMeal #BTSxMcD #BTS #BTSARMY https://t.co/0r7TO3R3Eh"
294,victoriaussie,2021-06-09 05:13:35+00:00,"Mcd kalibata mall antri bgt gaess. Kasih tips ke para driver ya plis bgt lah, kasian mereka :"""") #BTSMeal https://t.co/KPbILAyf1j"
295,greentaefrapp,2021-06-09 05:12:20+00:00,joinning the hype! #BTSMeal ğŸ¥³ğŸ’œ @BTS_twt @McDonalds_ID https://t.co/qmepdFvGFF
296,nurul_xinlu,2021-06-09 05:11:48+00:00,"Makan siang tercancel karena ledakan antrian #BTSMeal 

Kaget pas bpknya tlpn bilang antrian panjang, gak ngeh kalau hari ini adalah #BTSxMcD 
ğŸ˜‚ğŸ˜‚ğŸ¤£ #armykalianluarbiasa https://t.co/mROFcmLBBE"
297,affandymurad,2021-06-09 05:10:26+00:00,Just queing on @McDonalds @McDonalds_ID Drive Thru for #BTSMeal @BTS_twt https://t.co/552a8kiyGk
298,LucySuhada,2021-06-09 05:07:56+00:00,Minta maaf bgt ya pak krn saya ga bs ngantri sendiri di @McDonalds_ID. Lippo cikarang dan dimana2 tp makasi banyak ya bpk2 driver ojol di @gojekindonesia dan @GrabIndonesiaID #BTSMeal #BTSxMcD https://t.co/U20AN1iEfG
299,Lararorenzo,2021-06-09 05:07:51+00:00,"@7bts__update Drama BTS MEAL hari ini :')
#BTSMeal #BTSxMcD 
Sampe ada satpol PP sama Polsek di McDonald Cinere ğŸ™ƒ https://t.co/b3yWS189zN"
300,Alyasyabrina1,2021-06-09 05:07:49+00:00,"Semangat para ojol semoga dikasih rezeki yang melimpah 

Army jangan lupa kasih tips  #BTSMeal #BTSxMcD https://t.co/yzQuyg7Hla"
301,djtokaya,2021-06-09 05:06:40+00:00,"Pas makan siang 
@McDonalds_ID
#BTSMeal https://t.co/xdKtXixzaX"
302,achietmokoginta,2021-06-09 05:05:31+00:00,"PAS MO KLIK BAYAR #BTSMeal GW TINGGAL BENTAR TRANSPER UANG KE GOPEY AJA UDAH LANGSUNG CLOSED ğŸ˜¤ğŸ˜¤ , 
ANAK W NGAMBEK SEKARANG WHOAAA..... https://t.co/MQrI3UL8n2"
303,Lararorenzo,2021-06-09 05:05:30+00:00,"@McDonalds_ID Drama BTS MEAL hari ini :')
#BTSMeal #BTSxMcD 
Sampe ada satpol PP sama Polsek di McDonald Cinere ğŸ™ƒ https://t.co/b3yWS189zN"
304,LucySuhada,2021-06-09 05:04:52+00:00,Semangat buat para driver ojol...dan minta maaf ya pak qlo bakal antri lama #BTSMeal #BTSxMcD https://t.co/JGww9MIXI8
305,catore_wahh,2021-06-09 05:03:05+00:00,"Ngantri ber jam"" cuma demi 9.600. 
#BTSMeal"
306,Haitiw1,2021-06-09 05:02:26+00:00,"Setelah antrian 1jam akhirnya bisa memilikiğŸ¥°ğŸ’œ
Semangat buat army yg masih berjuang antriğŸ’œ #BTSMeal https://t.co/vf0PpiYcS3"
307,Kim_Miyung27,2021-06-09 05:00:09+00:00,"Akhirnya datang juga... 
#BTSMeal https://t.co/KH3MmpdBzd"
308,revinaputrif,2021-06-09 04:58:07+00:00,"Stand by dari jam set 10
#BTSMeal #BTSxMcD https://t.co/N6iNrlomZO"
309,FromAdiba,2021-06-09 04:54:56+00:00,#BTSMealxMcD #BTSMeal #BTSxMcD ya ampun kesian abang ojol aka bapak purnadi yg udah sabar nungguinnya. Thank you bapak ğŸ™ğŸ™ https://t.co/1iWtndZsHW
310,thepan_316,2021-06-09 04:53:05+00:00,"Manteman..
Cuma mau bilang
Jangan lupa tip drivernya ya :)
#BTSMeal #BTSxMcD"
311,juwcahaya,2021-06-09 04:52:26+00:00,terpantau semua outlet McD terdekat tutup di GoFood.. ealaahh #BTSMeal https://t.co/czHGgwXOeV
312,Citralifanny,2021-06-09 04:51:59+00:00,"Ya ampun, semua close order dongğŸ˜­ udah dicancel berapa kali saking penuh nyağŸ˜‚ @McDonalds_ID 

#BTSMeal #BTSxMcD"
313,khumairra,2021-06-09 04:51:36+00:00,"ğŸ˜–ğŸ˜… sabaaar ya buu

#BTSMeal  Indonesia
#BTSxMcD 
@BTS_twt https://t.co/RCYUwBse8E"
314,optimusjeus,2021-06-09 04:51:22+00:00,"Tetanggaku Rajin sekali, untung ikutan nitip ğŸ˜ğŸ‘
#BTSMeal
#BTSxMcD https://t.co/adxD17QL0i"
315,gentasat,2021-06-09 04:51:20+00:00,Gue demen nih kalo Pol PP dateng.  Asal jangan mau aja dikasih ayam #BTSMeal https://t.co/g2UExh41QC
316,Kim_rahmaynd18,2021-06-09 04:51:16+00:00,"Kasian bpknyağŸ˜¢
Semangat pakğŸ’ª
#BTSMeal 
#BTSxMcD 
#gojek 
#gofood https://t.co/7PK5mfo7kh"
317,okanata,2021-06-09 04:48:17+00:00,@umikchan Nanti BTS jadi duta satpolPP #BTSMeal
318,wulan_ds07,2021-06-09 04:46:49+00:00,Euforia #BTSxMcD #BTSMeal @McDonalds @McDonalds_ID https://t.co/YEDAHp0fJK
319,mutiaararaa,2021-06-09 04:46:44+00:00,Para pejuang Army garis depan @McDonalds_ID  #BTSMeal https://t.co/Op32OBsGWc
320,itsindriii,2021-06-09 04:45:15+00:00,"Terpantau di apk 2 ojol ijo udah banyak yang closed~ pesenan ku juga mundur terus jam-nya. Semoga kedapetan, Amiiiin. ğŸ™ğŸ»ğŸ˜¢ #BTSMeal https://t.co/jDicISiJBv"
321,yunicherbleu,2021-06-09 04:42:55+00:00,"Kelakuan Army, hampir semua gerai Mc D tutup dong ,yg pesen lewat ojol sabar yaa kasian itu pasti parah antriannya

#BTSMeal https://t.co/ttmO3RHGWT"
322,Midori_Ratori,2021-06-09 04:41:24+00:00,Yesssssaa #BTSMeal is in da house..... Makasih @McDonalds_ID sudah packing paper bagnya secara terpisah.... #BTSxMcD https://t.co/oEnPYoizIT
323,ShookyBE,2021-06-09 04:37:31+00:00,Gila sih ini mah gw sakit hati bngt anjim blm CO udah soult out ajaaağŸ˜­ini gw blm dapet anjim mana udah nunggu berabad abad lagiğŸ¤§gak tahu lagi dah the power of army itu bnr2 the beast ğŸ§˜ğŸ§˜ #BTSMeal https://t.co/rtvnPelMV9
324,kerorobabilonia,2021-06-09 04:37:27+00:00,"Selamat menikmati , antri cuman 5 menit kurang . Bukan army tapi kepo aja cobain hehe
#BTSMeal #McDonaldsXBTS https://t.co/CGKpwbjH4l"
325,skytaegi,2021-06-09 04:36:34+00:00,HEYYYYYYY SEBANYAK INI CABANG SIBUK SEMUAAAAA ğŸ˜­ğŸ˜­ğŸ˜­ğŸ˜­ğŸ˜­ #BTSMeal https://t.co/sIYgTalD6a
326,hanadulseett,2021-06-09 04:36:05+00:00,"Gileee ditinggal 20 menit buat ngeliat #BTSMeal di Mcd karna belum jam 11, pas balik lagi wadaw bgt antriannya"
327,heraalfa,2021-06-09 04:35:11+00:00,"Bukan kipas anginnya bts, tapi pengen nyobain #BTSMeal ..hp udh standby dr jam 10.50, refresh2 grabfood, berhasil order di jam 11.00 tapi dpt mcd nya yg jauh dr rumah, trus dikirim foto ini ma Bapak Ojolnya di jam 11.07. Wess jann ğŸ¤£ğŸ™ˆ https://t.co/MQpbqgVrfw"
328,bulbulbitt,2021-06-09 04:34:56+00:00,#BTSMeal NANGIS AJAAAAAA https://t.co/qAAjddGegt
329,via89ortega,2021-06-09 04:34:04+00:00,"Di mana-mana antrian nya puanjaaaaang banget 
#McDonaldsXBTS #BTSMeal"
330,sleepwalk_5758,2021-06-09 04:33:30+00:00,Duh @McDonalds_ID baru mau pesan bts meal malah itam putih gak bisa order niat gak sih sebenarnya buat buka layanan ini ğŸ˜’ğŸ˜’ğŸ˜’ #BTSMeal https://t.co/zklPJSgTWN
331,ibnuakmal,2021-06-09 04:33:06+00:00,"Whoâ€™s ready for BTS x McD in Indonesia?

#BTSMeal #BTS #BTSxMcD #McDonalds #McD https://t.co/ZCVuqnrKca"
332,WahyuPsy,2021-06-09 04:32:41+00:00,Efek ğŸ¤£ #BTSMeal https://t.co/XktIcNIhUk
333,vfziame,2021-06-09 04:31:37+00:00,"Makin jauh sajalah kita bertemu wahai suami""ku ğŸ¥° @BTS_twt  #BTSMeal https://t.co/wRBpxodiaw"
334,gentasat,2021-06-09 04:28:37+00:00,Keliatan  banget nih pihak mc d ga ada kesiapan menyambut #BTSMeal . Kasian abang ojol ngantri sampe luar dan drive thru bikin macet. https://t.co/bSn6nFeDtj
335,mochamadrizki,2021-06-09 04:28:26+00:00,Mu beli menu makanannya aja antriannya udah kayak mu nonton konsernya ğŸ¥² #BTSMeal https://t.co/6tRhgF0vet
336,gentasat,2021-06-09 04:28:21+00:00,@aMrazing Yo ih ğŸ¤£ğŸ¤£ğŸ¤£ #BTSMeal https://t.co/UUtUeGHrk0
337,thesmirkingfrog,2021-06-09 04:25:45+00:00,si gercepğŸ˜ğŸ¤ #BTSMeal #BTSxMcD https://t.co/4G9Bi6BfoQ
338,nrlwulandr,2021-06-09 04:24:39+00:00,"Gile, untung gue udh berhasil co, mantap armyğŸ˜­ğŸ”¥ğŸ”¥ğŸ”¥ #BTSMealxMcD #BTSMeal https://t.co/YN3tudhhe7"
339,GangstaGojek,2021-06-09 04:24:19+00:00,"Bener aja ğŸ¥´
#BTSMeal https://t.co/s3YOC27hG2"
340,vfziame,2021-06-09 04:23:24+00:00,Kejadian nii memgajarkan q untuk jdi lebih sabar dalam hal menunggu #BTSMeal
341,sellyfebriyant1,2021-06-09 04:23:18+00:00,Laporan dari MCD Duta Garden nih ğŸ˜Œ #BTSMeal #BTSxMcD https://t.co/xIMdY2eExP
342,vfziame,2021-06-09 04:22:24+00:00,"Fix @McDonalds_ID  sibuk smua,pdhal pengen banget dapet di hari pertama @BTS_twt kapan lagi coba #BTSMeal https://t.co/UhsJKDLT86"
343,nae_bananae,2021-06-09 04:21:35+00:00,"Isi gallery whatsapp dan TL twitter panen foto antrian drive thru McD deh ini ğŸ˜¢
@McDonalds_ID 
#BTSMeal 
#BTS"
344,itsindriii,2021-06-09 04:21:18+00:00,"Kirain karna tempat-nya terpencil dan di apk ojol harus buka pilihan outlet dulu baru keliatan nih mcd pikir-nya gak akan rame, ternyataaaaaaah salah besar. The power of Army X BTS nih~ #BTSMeal https://t.co/HLoB95fIz6"
345,NovitaAnggarini,2021-06-09 04:21:08+00:00,Udah kaya rebutan tiket konser ğŸ˜­ğŸ˜­ @BTS_twt #BTSMeal https://t.co/4uFm3rM2xz
346,qronoz,2021-06-09 04:21:03+00:00,Ehe. #BTSMeal https://t.co/BDQIY874cp
347,sleepwalk_5758,2021-06-09 04:18:57+00:00,@GrahaRaya_ @ryan_nus @gojekindonesia Aelah nih orang segitunya padahal ujung2nya juga mati tiap yg bernapas benci banget kayanya sama #BTSMeal #BTSARMY
348,Bung_Ipay,2021-06-09 04:18:04+00:00,Warga bekasi pada mesen menu Mcd #BTSMeal BTS army bekasi solid katanye @txtdrbekasi @txtdrbkstimur
349,Bung_Ipay,2021-06-09 04:17:07+00:00,Sudah mulai padat McD menu #BTSMeal driver dah padat merayap @TMCPoldaMetro gak pengen nengokin McD pak ğŸ˜ jangan disemprot disana ye pak https://t.co/wexMlUDFqv
350,jphnyye,2021-06-09 04:16:25+00:00,Bless all the gojekers out there. Indo army are thank you for your service ğŸ’œ #BTSMeal https://t.co/l7Yy6xDsay
351,GorideOptimus,2021-06-09 04:14:26+00:00,"Queque Mac. Donald BTS Meal Squad , Selamat Menikamati. Jgn lupa kasih Tips buat abangnya yg Sudah antri ğŸ‘‡
#BTSMeal #BTSxMcD https://t.co/IXH5HNnzVM"
352,pjwfriends,2021-06-09 04:13:38+00:00,"#BTSMeal KU SUDA PESAN, DI SHOPEE DAPET DISKON JADINYA KU CUMAN BAYAR 38RB, KAYANYA RAME DEH... SEMANGAT ABANG OJOL ğŸ˜ğŸ‘ https://t.co/GNWkguy7pW"
353,gentasat,2021-06-09 04:13:10+00:00,Drive thru pun rame sampe keluar antriannnya #BTSMeal https://t.co/eOez3QKsnw
354,GorideOptimus,2021-06-09 04:08:23+00:00,"Semangat buat Sobat driver Food , melimpahnya order #BTSMeal , semoga berkah rezeki hari ini. ğŸ›µ https://t.co/TRPZt6DJOc"
355,MeisyaVioleta,2021-06-09 04:05:06+00:00,"#BTSMeal Wuaduhh dapat juga ini BTS Meal nyuri start lol, pesen jam 10:50an wkwk kata masnya masih syepiii. Semoga ga lama antrinya yeay haha. Btw im not a big fan of BTS, i just wanna join the hype âœŒï¸ https://t.co/o0MckcETxg"
356,Insamm5,2021-06-09 04:04:59+00:00,#BTSxMcD #BTSMeal
357,levinaardia,2021-06-09 04:01:24+00:00,"Buat yang order BTS Meals, please considerate bahwa antriannya gelo dan rame bangett yaaa.. 

Semangatin drivernya, bilang gpp kalau lama, jangan lupa kasih tips! #BTSMeal"
358,filterie_,2021-06-09 04:00:54+00:00,Rame sekali :) #BTSMeal https://t.co/CSRfpzSjSG
359,GangstaGojek,2021-06-09 03:54:15+00:00,"Sekarang adenye. 
Anter Kranggan kemungkinan besar nyodok @McDonalds #BTSMeal ğŸ§˜ https://t.co/ALufaTAlik"
360,Haitiw1,2021-06-09 03:45:37+00:00,Belum rameğŸ˜… #BTSMeal #BTSxMcD #BTS #BTSARMY https://t.co/guhTUHRxoC
361,hafidahh13,2021-06-09 03:36:13+00:00,"Buat BTS Meal aja siap nunggu, apalagi buat kamu

#bts #BTSMeal #BTSARMY #McDonaldsXBTS https://t.co/VvtxDUcssr"
362,bulbulbitt,2021-06-09 03:29:32+00:00,#BTSMeal jiminshiiiiii tunggu akuhhhh https://t.co/IRvszYhMyb
363,evianafs,2021-06-09 03:13:15+00:00,"Merapat ke MCD ga nih ?
Yok ARMY jangan lupa pesen #BTSMeal ğŸ’œ https://t.co/26XR6RAuuk"
364,nae_bananae,2021-06-09 02:52:56+00:00,"Jam segini udah jajan.
@McDonalds_ID demi dukung collab my brooo @BTS_twt @bts_bighit 

Nyahaha 
#BTS
#BTSMeal https://t.co/Jmfv2Rak2q"
365,via89ortega,2021-06-09 02:44:44+00:00,"Melihat antusiasme para driver ojol,menyambut menu #BTSMeal bikin aku ikutan seneng juga,rasanya gak bisa ungkapin dengan kata"" semoga dengan adanya kolaborasi #McDonaldsXBTS bisa bikin happy untuk semuanya semangat untuk para driver dan ARMY hari ini dan sebulan kedepan ğŸ’œğŸ˜"
366,ekkaaaw,2021-06-09 01:55:20+00:00,sayang banget #BTSMeal engga ada burgernya ğŸ˜‘ padahal burger mcd tuh terbae sih!
367,sipaaaaul,2021-06-08 15:53:30+00:00,"Utk abang gofood, grabfood dan shopee food, besok #BTSMeal pasti ramai dan antri, semangat ya bang, jangan lupa prokesnya, pasti ada yg antri beberapa kali juga. Udah gitu aja, aku ga aman beli sih, kecuali pas makan naget keluar jungkook mah ya aku borong lah"
368,sleepwalk_5758,2021-06-08 14:46:59+00:00,"aelah cuma borong 3 paket aja dah koar koar beuuuhhh ğŸ˜’ğŸ˜’ğŸ˜’

#BTSARMY #BTSMeal https://t.co/JhZqEKT7Y4"
369,Citralifanny,2021-06-08 14:24:52+00:00,"Seneng sih denger packaging #BTSMeal terpisah karena sesungguhnya itu yang dituju dari #BTSxMcDonalds karena takut limited, kl untuk makanannya bisa kapan aja w beliâ˜¹ï¸ Tapi kepikiran akan serame apa tu McDelivery, GoFood, GrabFood, ShopeeFoodğŸ˜­ https://t.co/x1OEBotMWM"
370,Septianaekaa1,2021-06-01 17:36:37+00:00,"gimana ga gemesh cobaa, orng modelannya beginian ğŸ˜«ğŸ˜­ meleleh udaahh ğŸ¥µğŸ§ˆ 
anw jangan lupa streaming MV butter Yaaa ğŸ¥°âœ¨ğŸ’œ

 #BTS8thAnniversary #BTS #BTSMeal #BTSARMY #BTSxMcD #ARMY #WeverseShop #Korean #kpop #BANGTAN #BTSBackWithButter #Butter1onHot100 #BUTTERARMYPARTY #Butter https://t.co/aG19KEiLu5"
371,AngelliaBunga,2021-05-29 02:18:10+00:00,"@BTS_jp_official #BTSMEAL
https://t.co/48TUdFNtS2

LINEã‚®ãƒ•ãƒˆã¯ã“ã¡ã‚‰
https://t.co/HNUOg1qJ5F https://t.co/drsQDTtsjF"
372,Citralifanny,2021-05-26 11:29:45+00:00,"Suka kepikiran udh semangat"" menanti #BTSmeal di Indo, tau nya Mcd deket kosan gaada, kebayang pasti kepikiran sampe dapetğŸ¤£"
373,kookieV1995,2021-05-26 07:08:36+00:00,"@BTSPublicity @BTS_twt ğŸ¤—ğŸ¤—ğŸ¤—
#BTSMeal 
#TheBTSMeal
@BTS_twt"
374,Chabiee26,2021-04-19 23:59:21+00:00,Belajar semangat menjadi  #BestFanArmy #BTSmeal #happy_birth_jay selamat pagi https://t.co/kxPBHSUjS0
